zcr,rmse,spectral_centroid,spectral_bandwidth,rolloff,mfcc_mean,cluster
0.0339495779454023,0.35023075,387.26170433734194,106.77450304618708,391.31027747844826,-44.966255,0
0.035111350574712645,0.3502317,400.59220571778826,106.35859036610711,402.07687904094826,-45.21208,0
0.05028174389367816,0.35022926,571.1226173663282,109.86172006556252,575.3325363685345,-36.167683,1
